{"v":"5.5.3","fr":29.9700012207031,"ip":2.00000008146167,"op":91.000003706506,"w":1080,"h":1920,"nm":"Comp 1","ddd":0,"assets":[{"id":"comp_0","layers":[{"ddd":0,"ind":1,"ty":4,"nm":"Path","sr":1,"ks":{"o":{"a":0,"k":100,"ix":11},"r":{"a":0,"k":0,"ix":10},"p":{"a":0,"k":[222.012,322.734,0],"ix":2},"a":{"a":0,"k":[0,0,0],"ix":1},"s":{"a":0,"k":[100,100,100],"ix":6}},"ao":0,"shapes":[{"ty":"gr","it":[{"ind":0,"ty":"sh","ix":1,"ks":{"a":0,"k":{"i":[[0,0],[0,111.06],[-116.26,0],[0,-116.37],[0.11,-2.85],[0,-3.91],[159.77,-52.77],[0,69.1],[0,0.19]],"o":[[-108.89,-8.07],[0,-116.37],[116.26,0],[0,2.88],[0.11,3.88],[0,177.6],[31.12,-56.53],[0,-0.19],[0,0]],"v":[[-15.77,114.83],[-210.5,-95.29],[0,-306],[210.5,-95.29],[210.33,-86.69],[210.49,-75.01],[-64.59,306],[-15.77,115.41],[-15.77,114.83]],"c":true},"ix":2},"nm":"Path 1","mn":"ADBE Vector Shape - Group","hd":false},{"ty":"fl","c":{"a":0,"k":[1,1,1,1],"ix":4},"o":{"a":0,"k":100,"ix":5},"r":1,"bm":0,"nm":"Fill 1","mn":"ADBE Vector Graphic - Fill","hd":false},{"ty":"tr","p":{"a":0,"k":[0,0],"ix":2},"a":{"a":0,"k":[0,0],"ix":1},"s":{"a":0,"k":[105.469,105.469],"ix":3},"r":{"a":0,"k":0,"ix":6},"o":{"a":0,"k":100,"ix":7},"sk":{"a":0,"k":0,"ix":4},"sa":{"a":0,"k":0,"ix":5},"nm":"Transform"}],"nm":"Path","np":2,"cix":2,"bm":0,"ix":1,"mn":"ADBE Vector Group","hd":false}],"ip":0,"op":900.000036657751,"st":0,"bm":0}]}],"layers":[{"ddd":0,"ind":1,"ty":0,"nm":"Path","refId":"comp_0","sr":1,"ks":{"o":{"a":0,"k":100,"ix":11},"r":{"a":0,"k":0,"ix":10},"p":{"a":1,"k":[{"i":{"x":0.724,"y":0.814},"o":{"x":0.442,"y":0},"t":22.25,"s":[550.48,-6633.421,0],"to":[0,1255.447,0],"ti":[0,-458.433,0]},{"i":{"x":0.376,"y":1},"o":{"x":0.001,"y":0},"t":36,"s":[550.48,899.262,0],"to":[0,0,0],"ti":[0,0,0]},{"i":{"x":0.927,"y":0.857},"o":{"x":0.516,"y":0},"t":43.5,"s":[550.48,202.623,0],"to":[0,0,0],"ti":[0,0,0]},{"i":{"x":0.667,"y":1},"o":{"x":0.38,"y":0.737},"t":51,"s":[550.48,899.262,0],"to":[0,0,0],"ti":[0,0,0]},{"i":{"x":0.966,"y":0.935},"o":{"x":0.526,"y":0},"t":54.75,"s":[550.48,719.484,0],"to":[0,0,0],"ti":[0,0,0]},{"i":{"x":0.5,"y":1},"o":{"x":0.001,"y":0.003},"t":58.5,"s":[550.48,899.262,0],"to":[0,0,0],"ti":[0,0,0]},{"i":{"x":0.999,"y":1},"o":{"x":0.5,"y":0},"t":61,"s":[550.48,863.306,0],"to":[0,0,0],"ti":[0,0,0]},{"i":{"x":0.833,"y":0.833},"o":{"x":0.167,"y":0.167},"t":63.5,"s":[550.48,899.262,0],"to":[0,0,0],"ti":[0,0,0]},{"t":71.0000028918893,"s":[550.48,899.262,0]}],"ix":2},"a":{"a":0,"k":[222.012,322.734,0],"ix":1},"s":{"a":0,"k":[53.156,53.156,100],"ix":6}},"ao":0,"ef":[{"ty":5,"nm":"Squash & Stretch Bezier Warp","np":15,"mn":"ADBE BEZMESH","ix":1,"en":1,"ef":[{"ty":3,"nm":"Top Left Vertex","mn":"ADBE BEZMESH-0001","ix":1,"v":{"a":1,"k":[{"i":{"x":0.833,"y":0.833},"o":{"x":0.167,"y":0.167},"t":22.25,"s":[0,0],"to":[-0.333,-5.833],"ti":[9.085,-56.902]},{"i":{"x":0.833,"y":0.833},"o":{"x":0.167,"y":0.167},"t":34.75,"s":[-12.46,-316.54],"to":[-9.085,56.902],"ti":[-9.345,-34.669]},{"i":{"x":0.833,"y":0.833},"o":{"x":0.167,"y":0.167},"t":36,"s":[-54.513,341.411],"to":[9.345,34.669],"ti":[-16.354,74.99]},{"i":{"x":0.833,"y":0.833},"o":{"x":0.167,"y":0.167},"t":41,"s":[43.61,-108.528],"to":[0,0],"ti":[0,0]},{"i":{"x":0.833,"y":0.833},"o":{"x":0.167,"y":0.167},"t":49.75,"s":[43.61,-108.528],"to":[-12.46,51.249],"ti":[7.268,-18.088]},{"i":{"x":0.833,"y":0.833},"o":{"x":0.167,"y":0.167},"t":51,"s":[-31.15,198.968],"to":[-7.268,18.088],"ti":[-0.519,-0.754]},{"i":{"x":0.833,"y":0.833},"o":{"x":0.167,"y":0.167},"t":54.75,"s":[0,0],"to":[0.519,0.754],"ti":[0,0]},{"i":{"x":0.833,"y":0.833},"o":{"x":0.167,"y":0.167},"t":58.5,"s":[-28.035,203.49],"to":[0,0],"ti":[0,0]},{"i":{"x":0.833,"y":0.833},"o":{"x":0.167,"y":0.167},"t":61,"s":[0,0],"to":[0,0],"ti":[0,0]},{"i":{"x":0.667,"y":1},"o":{"x":0.167,"y":0.167},"t":63.5,"s":[-9.345,63.308],"to":[0,0],"ti":[0,0]},{"i":{"x":0.667,"y":0.667},"o":{"x":0.333,"y":0.333},"t":66,"s":[0,0],"to":[0,0],"ti":[0,0]},{"t":71.0000028918893,"s":[0,0]}],"ix":1}},{"ty":3,"nm":"Top Left Tangent","mn":"ADBE BEZMESH-0002","ix":2,"v":{"a":1,"k":[{"i":{"x":0.833,"y":0.833},"o":{"x":0.167,"y":0.167},"t":22.25,"s":[148.313,0],"to":[-0.5,-5.667],"ti":[11.422,-38.06]},{"i":{"x":0.833,"y":0.833},"o":{"x":0.167,"y":0.167},"t":34.75,"s":[129.623,-307.496],"to":[-11.422,38.06],"ti":[-5.192,-12.059]},{"i":{"x":0.833,"y":0.833},"o":{"x":0.167,"y":0.167},"t":36,"s":[79.783,228.361],"to":[5.192,12.059],"ti":[-13.498,77.251]},{"i":{"x":0.833,"y":0.833},"o":{"x":0.167,"y":0.167},"t":41,"s":[160.773,-235.144],"to":[0,0],"ti":[0,0]},{"i":{"x":0.833,"y":0.833},"o":{"x":0.167,"y":0.167},"t":49.75,"s":[160.773,-235.144],"to":[-3.115,49.742],"ti":[2.077,-39.191]},{"i":{"x":0.833,"y":0.833},"o":{"x":0.167,"y":0.167},"t":51,"s":[142.083,63.308],"to":[-2.077,39.191],"ti":[-1.038,10.551]},{"i":{"x":0.833,"y":0.833},"o":{"x":0.167,"y":0.167},"t":54.75,"s":[148.313,0],"to":[0,0],"ti":[0,0]},{"i":{"x":0.833,"y":0.833},"o":{"x":0.167,"y":0.167},"t":58.5,"s":[148.313,0],"to":[-0.519,-12.059],"ti":[-5.192,-18.842]},{"i":{"x":0.833,"y":0.833},"o":{"x":0.167,"y":0.167},"t":61,"s":[145.198,-72.352],"to":[5.192,18.842],"ti":[-0.519,2.261]},{"i":{"x":0.667,"y":1},"o":{"x":0.167,"y":0.167},"t":63.5,"s":[179.463,113.05],"to":[0.519,-2.261],"ti":[5.192,18.842]},{"i":{"x":0.667,"y":1},"o":{"x":0.333,"y":0},"t":66,"s":[148.313,-85.918],"to":[-5.192,-18.842],"ti":[0,-1.583]},{"t":71.0000028918893,"s":[148.313,0]}],"ix":2}},{"ty":3,"nm":"Top Right Tangent","mn":"ADBE BEZMESH-0003","ix":3,"v":{"a":1,"k":[{"i":{"x":0.833,"y":0.833},"o":{"x":0.167,"y":0.167},"t":22.25,"s":[296.625,0],"to":[-0.333,-4.833],"ti":[-7.528,-31.654]},{"i":{"x":0.833,"y":0.833},"o":{"x":0.167,"y":0.167},"t":34.75,"s":[284.165,-262.276],"to":[7.528,31.654],"ti":[-10.383,-15.073]},{"i":{"x":0.833,"y":0.833},"o":{"x":0.167,"y":0.167},"t":36,"s":[341.793,189.924],"to":[10.383,15.073],"ti":[-0.779,60.293]},{"i":{"x":0.833,"y":0.833},"o":{"x":0.167,"y":0.167},"t":41,"s":[346.465,-171.836],"to":[0,0],"ti":[0,0]},{"i":{"x":0.833,"y":0.833},"o":{"x":0.167,"y":0.167},"t":49.75,"s":[346.465,-171.836],"to":[-10.383,34.669],"ti":[8.307,-28.639]},{"i":{"x":0.833,"y":0.833},"o":{"x":0.167,"y":0.167},"t":51,"s":[284.165,36.176],"to":[-8.307,28.639],"ti":[-3.115,8.29]},{"i":{"x":0.833,"y":0.833},"o":{"x":0.167,"y":0.167},"t":54.75,"s":[296.625,0],"to":[3.115,-8.29],"ti":[0,11.305]},{"i":{"x":0.833,"y":0.833},"o":{"x":0.167,"y":0.167},"t":58.5,"s":[302.855,-13.566],"to":[0,-11.305],"ti":[5.192,-20.349]},{"i":{"x":0.833,"y":0.833},"o":{"x":0.167,"y":0.167},"t":61,"s":[296.625,-67.83],"to":[-5.192,20.349],"ti":[-0.519,2.261]},{"i":{"x":0.667,"y":1},"o":{"x":0.167,"y":0.167},"t":63.5,"s":[271.705,108.528],"to":[0.519,-2.261],"ti":[-4.153,18.088]},{"i":{"x":0.667,"y":1},"o":{"x":0.333,"y":0},"t":66,"s":[299.74,-81.396],"to":[4.153,-18.088],"ti":[0.083,-1.5]},{"t":71.0000028918893,"s":[296.625,0]}],"ix":3}},{"ty":3,"nm":"Right Top Vertex","mn":"ADBE BEZMESH-0004","ix":4,"v":{"a":1,"k":[{"i":{"x":0.833,"y":0.833},"o":{"x":0.167,"y":0.167},"t":22.25,"s":[445,0],"to":[0,-6.833],"ti":[-3.375,-53.887]},{"i":{"x":0.833,"y":0.833},"o":{"x":0.167,"y":0.167},"t":34.75,"s":[445,-370.804],"to":[3.375,53.887],"ti":[6.23,-54.264]},{"i":{"x":0.833,"y":0.833},"o":{"x":0.167,"y":0.167},"t":36,"s":[465.247,323.323],"to":[-6.23,54.264],"ti":[9.605,61.424]},{"i":{"x":0.833,"y":0.833},"o":{"x":0.167,"y":0.167},"t":41,"s":[407.62,-45.22],"to":[0,0],"ti":[0,0]},{"i":{"x":0.833,"y":0.833},"o":{"x":0.167,"y":0.167},"t":49.75,"s":[407.62,-45.22],"to":[3.115,28.639],"ti":[-6.23,-7.537]},{"i":{"x":0.833,"y":0.833},"o":{"x":0.167,"y":0.167},"t":51,"s":[426.31,126.616],"to":[6.23,7.537],"ti":[-3.115,-4.522]},{"i":{"x":0.833,"y":0.833},"o":{"x":0.167,"y":0.167},"t":54.75,"s":[445,0],"to":[3.115,4.522],"ti":[0,0]},{"i":{"x":0.833,"y":0.833},"o":{"x":0.167,"y":0.167},"t":58.5,"s":[445,153.748],"to":[0,0],"ti":[0,0]},{"i":{"x":0.833,"y":0.833},"o":{"x":0.167,"y":0.167},"t":61,"s":[445,0],"to":[0,0],"ti":[0,0]},{"i":{"x":0.667,"y":1},"o":{"x":0.167,"y":0.167},"t":63.5,"s":[432.54,67.83],"to":[0,0],"ti":[0,0]},{"i":{"x":0.667,"y":0.667},"o":{"x":0.333,"y":0.333},"t":66,"s":[445,0],"to":[0,0],"ti":[0,0]},{"t":71.0000028918893,"s":[445,0]}],"ix":4}},{"ty":3,"nm":"Right Top Tangent","mn":"ADBE BEZMESH-0005","ix":5,"v":{"a":1,"k":[{"i":{"x":0.833,"y":0.833},"o":{"x":0.167,"y":0.167},"t":22.25,"s":[445,215.303],"to":[-0.833,-2.667],"ti":[-20.767,-22.987]},{"i":{"x":0.833,"y":0.833},"o":{"x":0.167,"y":0.167},"t":34.75,"s":[413.85,70.599],"to":[20.767,22.987],"ti":[-5.192,-24.117]},{"i":{"x":0.833,"y":0.833},"o":{"x":0.167,"y":0.167},"t":36,"s":[569.6,353.224],"to":[5.192,24.117],"ti":[20.767,22.987]},{"i":{"x":0.833,"y":0.833},"o":{"x":0.167,"y":0.167},"t":41,"s":[445,215.303],"to":[0,0],"ti":[0,0]},{"i":{"x":0.833,"y":0.833},"o":{"x":0.167,"y":0.167},"t":49.75,"s":[445,215.303],"to":[1.038,12.059],"ti":[0,0]},{"i":{"x":0.833,"y":0.833},"o":{"x":0.167,"y":0.167},"t":51,"s":[451.23,287.655],"to":[0,0],"ti":[-8.826,-3.015]},{"i":{"x":0.833,"y":0.833},"o":{"x":0.167,"y":0.167},"t":54.75,"s":[445,215.303],"to":[8.826,3.015],"ti":[1.038,-4.522]},{"i":{"x":0.833,"y":0.833},"o":{"x":0.167,"y":0.167},"t":58.5,"s":[504.185,305.743],"to":[-1.038,4.522],"ti":[3.115,11.305]},{"i":{"x":0.833,"y":0.833},"o":{"x":0.167,"y":0.167},"t":61,"s":[438.77,242.435],"to":[-3.115,-11.305],"ti":[3.634,3.015]},{"i":{"x":0.667,"y":1},"o":{"x":0.167,"y":0.167},"t":63.5,"s":[485.495,237.913],"to":[-3.634,-3.015],"ti":[6.749,3.768]},{"i":{"x":0.667,"y":1},"o":{"x":0.333,"y":0},"t":66,"s":[416.965,224.347],"to":[-6.749,-3.768],"ti":[-0.75,0.167]},{"t":71.0000028918893,"s":[445,215.303]}],"ix":5}},{"ty":3,"nm":"Right Bottom Tangent","mn":"ADBE BEZMESH-0006","ix":6,"v":{"a":1,"k":[{"i":{"x":0.833,"y":0.833},"o":{"x":0.167,"y":0.167},"t":22.25,"s":[445,430.606],"to":[-1.167,-0.5],"ti":[-35.563,-23.74]},{"i":{"x":0.833,"y":0.833},"o":{"x":0.167,"y":0.167},"t":34.75,"s":[401.39,403.474],"to":[35.563,23.74],"ti":[-7.268,-4.522]},{"i":{"x":0.833,"y":0.833},"o":{"x":0.167,"y":0.167},"t":36,"s":[658.378,573.049],"to":[7.268,4.522],"ti":[35.563,23.74]},{"i":{"x":0.833,"y":0.833},"o":{"x":0.167,"y":0.167},"t":41,"s":[445,430.606],"to":[0,0],"ti":[0,0]},{"i":{"x":0.833,"y":0.833},"o":{"x":0.167,"y":0.167},"t":49.75,"s":[445,430.606],"to":[4.153,13.566],"ti":[0,0]},{"i":{"x":0.833,"y":0.833},"o":{"x":0.167,"y":0.167},"t":51,"s":[469.92,512.002],"to":[0,0],"ti":[-2.596,6.783]},{"i":{"x":0.833,"y":0.833},"o":{"x":0.167,"y":0.167},"t":54.75,"s":[445,430.606],"to":[2.596,-6.783],"ti":[1.038,0]},{"i":{"x":0.833,"y":0.833},"o":{"x":0.167,"y":0.167},"t":58.5,"s":[485.495,471.304],"to":[-1.038,0],"ti":[1.038,6.783]},{"i":{"x":0.833,"y":0.833},"o":{"x":0.167,"y":0.167},"t":61,"s":[438.77,430.606],"to":[-1.038,-6.783],"ti":[4.153,0]},{"i":{"x":0.667,"y":1},"o":{"x":0.167,"y":0.167},"t":63.5,"s":[479.265,430.606],"to":[-4.153,0],"ti":[5.711,0]},{"i":{"x":0.667,"y":1},"o":{"x":0.333,"y":0},"t":66,"s":[413.85,430.606],"to":[-5.711,0],"ti":[-0.833,0]},{"t":71.0000028918893,"s":[445,430.606]}],"ix":6}},{"ty":3,"nm":"Bottom Right Vertex","mn":"ADBE BEZMESH-0007","ix":7,"v":{"a":1,"k":[{"i":{"x":0.833,"y":0.833},"o":{"x":0.167,"y":0.167},"t":22.25,"s":[445,646],"to":[3.003,0],"ti":[-6.425,-0.07]},{"i":{"x":0.833,"y":0.833},"o":{"x":0.167,"y":0.167},"t":34.75,"s":[503.665,641.363],"to":[2.668,0.029],"ti":[0.293,-0.342]},{"i":{"x":0.833,"y":0.833},"o":{"x":0.167,"y":0.167},"t":36,"s":[566.485,636.956],"to":[-1,1.167],"ti":[26.477,-12.059]},{"i":{"x":0.833,"y":0.833},"o":{"x":0.167,"y":0.167},"t":41,"s":[407.62,709.308],"to":[0,0],"ti":[0,0]},{"i":{"x":0.833,"y":0.833},"o":{"x":0.167,"y":0.167},"t":49.75,"s":[407.62,709.308],"to":[6.23,-10.551],"ti":[-6.23,10.551]},{"i":{"x":0.833,"y":0.833},"o":{"x":0.167,"y":0.167},"t":51,"s":[445,646],"to":[0,0],"ti":[0,0]},{"i":{"x":0.833,"y":0.833},"o":{"x":0.167,"y":0.167},"t":54.75,"s":[445,646],"to":[0,0],"ti":[0,0]},{"i":{"x":0.833,"y":0.833},"o":{"x":0.167,"y":0.167},"t":58.5,"s":[445,646],"to":[0,0],"ti":[0,0]},{"i":{"x":0.667,"y":0.667},"o":{"x":0.167,"y":0.167},"t":61,"s":[445,646],"to":[0,0],"ti":[0,0]},{"i":{"x":0.667,"y":0.667},"o":{"x":0.333,"y":0.333},"t":66,"s":[445,646],"to":[0,0],"ti":[0,0]},{"t":71.0000028918893,"s":[445,646]}],"ix":7}},{"ty":3,"nm":"Bottom Right Tangent","mn":"ADBE BEZMESH-0008","ix":8,"v":{"a":1,"k":[{"i":{"x":0.833,"y":0.833},"o":{"x":0.167,"y":0.167},"t":22.25,"s":[296.625,646],"to":[3.542,-0.167],"ti":[3.115,-21.103]},{"i":{"x":0.833,"y":0.833},"o":{"x":0.167,"y":0.167},"t":36,"s":[429.013,636.956],"to":[-3.115,21.103],"ti":[25.18,-22.61]},{"i":{"x":0.833,"y":0.833},"o":{"x":0.167,"y":0.167},"t":41,"s":[277.935,772.616],"to":[0,0],"ti":[0,0]},{"i":{"x":0.833,"y":0.833},"o":{"x":0.167,"y":0.167},"t":49.75,"s":[277.935,772.616],"to":[3.115,-21.103],"ti":[-3.115,21.103]},{"i":{"x":0.833,"y":0.833},"o":{"x":0.167,"y":0.167},"t":51,"s":[296.625,646],"to":[0,0],"ti":[0,0]},{"i":{"x":0.833,"y":0.833},"o":{"x":0.167,"y":0.167},"t":54.75,"s":[296.625,646],"to":[0,0],"ti":[0,0]},{"i":{"x":0.833,"y":0.833},"o":{"x":0.167,"y":0.167},"t":58.5,"s":[296.625,646],"to":[-1.558,6.029],"ti":[0,0]},{"i":{"x":0.667,"y":1},"o":{"x":0.167,"y":0.167},"t":61,"s":[287.28,682.176],"to":[0,0],"ti":[-1.558,6.029]},{"i":{"x":0.667,"y":0.667},"o":{"x":0.333,"y":0.333},"t":66,"s":[296.625,646],"to":[0,0],"ti":[0,0]},{"t":71.0000028918893,"s":[296.625,646]}],"ix":8}},{"ty":3,"nm":"Bottom Left Tangent","mn":"ADBE BEZMESH-0009","ix":9,"v":{"a":1,"k":[{"i":{"x":0.833,"y":0.833},"o":{"x":0.167,"y":0.167},"t":22.25,"s":[148.313,646],"to":[-2.833,-0.042],"ti":[-3.115,-16.581]},{"i":{"x":0.833,"y":0.833},"o":{"x":0.167,"y":0.167},"t":36,"s":[42.403,643.739],"to":[3.115,16.581],"ti":[-20.767,-16.957]},{"i":{"x":0.833,"y":0.833},"o":{"x":0.167,"y":0.167},"t":41,"s":[167.003,745.484],"to":[0,0],"ti":[0,0]},{"i":{"x":0.833,"y":0.833},"o":{"x":0.167,"y":0.167},"t":49.75,"s":[167.003,745.484],"to":[-3.115,-16.581],"ti":[3.115,16.581]},{"i":{"x":0.833,"y":0.833},"o":{"x":0.167,"y":0.167},"t":51,"s":[148.313,646],"to":[0,0],"ti":[0,0]},{"i":{"x":0.833,"y":0.833},"o":{"x":0.167,"y":0.167},"t":54.75,"s":[148.313,646],"to":[0,0],"ti":[0,0]},{"i":{"x":0.833,"y":0.833},"o":{"x":0.167,"y":0.167},"t":58.5,"s":[148.313,646],"to":[0.519,5.276],"ti":[0,0]},{"i":{"x":0.667,"y":1},"o":{"x":0.167,"y":0.167},"t":61,"s":[151.428,677.654],"to":[0,0],"ti":[0.519,5.276]},{"i":{"x":0.667,"y":0.667},"o":{"x":0.333,"y":0.333},"t":66,"s":[148.313,646],"to":[0,0],"ti":[0,0]},{"t":71.0000028918893,"s":[148.313,646]}],"ix":9}},{"ty":3,"nm":"Left Bottom Vertex","mn":"ADBE BEZMESH-0010","ix":10,"v":{"a":1,"k":[{"i":{"x":0.833,"y":0.833},"o":{"x":0.167,"y":0.167},"t":22.25,"s":[0,646],"to":[-2.279,0],"ti":[5.003,-0.031]},{"i":{"x":0.833,"y":0.833},"o":{"x":0.167,"y":0.167},"t":34.75,"s":[-42.042,624.578],"to":[-2.224,0.014],"ti":[-0.564,-0.256]},{"i":{"x":0.833,"y":0.833},"o":{"x":0.167,"y":0.167},"t":36,"s":[-79.433,646],"to":[1.833,0.833],"ti":[-24.66,-7.537]},{"i":{"x":0.833,"y":0.833},"o":{"x":0.167,"y":0.167},"t":41,"s":[68.53,691.22],"to":[0,0],"ti":[0,0]},{"i":{"x":0.833,"y":0.833},"o":{"x":0.167,"y":0.167},"t":49.75,"s":[68.53,691.22],"to":[-11.422,-7.537],"ti":[11.422,7.537]},{"i":{"x":0.833,"y":0.833},"o":{"x":0.167,"y":0.167},"t":51,"s":[0,646],"to":[0,0],"ti":[0,0]},{"i":{"x":0.833,"y":0.833},"o":{"x":0.167,"y":0.167},"t":54.75,"s":[0,646],"to":[0,0],"ti":[0,0]},{"i":{"x":0.833,"y":0.833},"o":{"x":0.167,"y":0.167},"t":58.5,"s":[0,646],"to":[0,0],"ti":[0,0]},{"i":{"x":0.667,"y":0.667},"o":{"x":0.167,"y":0.167},"t":61,"s":[0,646],"to":[0,0],"ti":[0,0]},{"i":{"x":0.667,"y":0.667},"o":{"x":0.333,"y":0.333},"t":66,"s":[0,646],"to":[0,0],"ti":[0,0]},{"t":71.0000028918893,"s":[0,646]}],"ix":10}},{"ty":3,"nm":"Left Bottom Tangent","mn":"ADBE BEZMESH-0011","ix":11,"v":{"a":1,"k":[{"i":{"x":0.833,"y":0.833},"o":{"x":0.167,"y":0.167},"t":22.25,"s":[0,430.606],"to":[0.667,-2.5],"ti":[28.035,-30.147]},{"i":{"x":0.833,"y":0.833},"o":{"x":0.167,"y":0.167},"t":34.75,"s":[24.92,294.946],"to":[-28.035,30.147],"ti":[8.307,-27.132]},{"i":{"x":0.833,"y":0.833},"o":{"x":0.167,"y":0.167},"t":36,"s":[-168.21,611.486],"to":[-8.307,27.132],"ti":[-23.882,25.625]},{"i":{"x":0.833,"y":0.833},"o":{"x":0.167,"y":0.167},"t":41,"s":[-24.92,457.738],"to":[0,0],"ti":[0,0]},{"i":{"x":0.833,"y":0.833},"o":{"x":0.167,"y":0.167},"t":49.75,"s":[-24.92,457.738],"to":[-5.192,16.581],"ti":[-4.153,4.522]},{"i":{"x":0.833,"y":0.833},"o":{"x":0.167,"y":0.167},"t":51,"s":[-56.07,557.222],"to":[4.153,-4.522],"ti":[0,15.073]},{"i":{"x":0.833,"y":0.833},"o":{"x":0.167,"y":0.167},"t":54.75,"s":[0,430.606],"to":[0,-15.073],"ti":[-2.596,0.754]},{"i":{"x":0.833,"y":0.833},"o":{"x":0.167,"y":0.167},"t":58.5,"s":[-56.07,466.782],"to":[2.596,-0.754],"ti":[-2.077,9.044]},{"i":{"x":0.833,"y":0.833},"o":{"x":0.167,"y":0.167},"t":61,"s":[15.575,426.084],"to":[2.077,-9.044],"ti":[-2.596,-0.754]},{"i":{"x":0.667,"y":1},"o":{"x":0.167,"y":0.167},"t":63.5,"s":[-43.61,412.518],"to":[2.596,0.754],"ti":[-7.268,-3.015]},{"i":{"x":0.667,"y":1},"o":{"x":0.333,"y":0},"t":66,"s":[31.15,430.606],"to":[7.268,3.015],"ti":[0.833,0]},{"t":71.0000028918893,"s":[0,430.606]}],"ix":11}},{"ty":3,"nm":"Left Top Tangent","mn":"ADBE BEZMESH-0012","ix":12,"v":{"a":1,"k":[{"i":{"x":0.833,"y":0.833},"o":{"x":0.167,"y":0.167},"t":22.25,"s":[0,215.303],"to":[0.5,-2],"ti":[29.073,-48.988]},{"i":{"x":0.833,"y":0.833},"o":{"x":0.167,"y":0.167},"t":34.75,"s":[18.69,106.775],"to":[-29.073,48.988],"ti":[0,-18.088]},{"i":{"x":0.833,"y":0.833},"o":{"x":0.167,"y":0.167},"t":36,"s":[-174.44,509.233],"to":[0,18.088],"ti":[-32.188,48.988]},{"i":{"x":0.833,"y":0.833},"o":{"x":0.167,"y":0.167},"t":41,"s":[18.69,215.303],"to":[0,0],"ti":[0,0]},{"i":{"x":0.833,"y":0.833},"o":{"x":0.167,"y":0.167},"t":49.75,"s":[18.69,215.303],"to":[-12.46,22.61],"ti":[3.115,0]},{"i":{"x":0.833,"y":0.833},"o":{"x":0.167,"y":0.167},"t":51,"s":[-56.07,350.963],"to":[-3.115,0],"ti":[2.596,0]},{"i":{"x":0.833,"y":0.833},"o":{"x":0.167,"y":0.167},"t":54.75,"s":[0,215.303],"to":[-2.596,0],"ti":[-2.077,-1.507]},{"i":{"x":0.833,"y":0.833},"o":{"x":0.167,"y":0.167},"t":58.5,"s":[-71.645,350.963],"to":[2.077,1.507],"ti":[-6.23,15.827]},{"i":{"x":0.833,"y":0.833},"o":{"x":0.167,"y":0.167},"t":61,"s":[12.46,224.347],"to":[6.23,-15.827],"ti":[-3.115,1.507]},{"i":{"x":0.667,"y":1},"o":{"x":0.167,"y":0.167},"t":63.5,"s":[-34.265,256.001],"to":[3.115,-1.507],"ti":[-5.711,6.783]},{"i":{"x":0.667,"y":1},"o":{"x":0.333,"y":0},"t":66,"s":[31.15,215.303],"to":[5.711,-6.783],"ti":[0.833,0]},{"t":71.0000028918893,"s":[0,215.303]}],"ix":12}},{"ty":0,"nm":"Quality","mn":"ADBE BEZMESH-0014","ix":13,"v":{"a":0,"k":8,"ix":13}}]}],"w":445,"h":646,"ip":0,"op":93.0000037879676,"st":-807.000032869784,"bm":0}],"markers":[]}